split,query,method,model,top1_hs6,top5_hs6,top20_hs6,top1_hs4,top5_hs4,top20_hs4,top20_hs2,ms_per_query
dev,subject,bm25,-,8.0,12.0,22.0,11.0,16.0,25.0,45.0,3.8
dev,subject,dense,bge-small-en-v1.5,6.0,19.0,39.0,19.0,31.0,41.0,63.0,856.1
dev,subject,hybrid,bge-small-en-v1.5,7.0,16.0,38.0,17.0,29.0,45.0,66.0,15.5
dev,subject,dense,bge-base-en-v1.5,14.0,24.0,40.0,28.0,36.0,46.0,67.0,2105.4
dev,subject,hybrid,bge-base-en-v1.5,8.0,18.0,40.0,20.0,25.0,46.0,74.0,13.9
dev,subject,dense,all-MiniLM-L6-v2,4.0,21.0,35.0,20.0,29.0,46.0,71.0,132.5
dev,subject,hybrid,all-MiniLM-L6-v2,6.0,13.0,37.0,12.0,32.0,47.0,70.0,10.7
dev,description,bm25,-,5.0,14.0,21.0,13.0,17.0,26.0,48.0,50.0
dev,description,dense,bge-small-en-v1.5,5.0,14.0,27.0,15.0,21.0,35.0,58.0,77.5
dev,description,hybrid,bge-small-en-v1.5,8.0,17.0,28.0,15.0,22.0,35.0,57.0,68.1
dev,description,dense,bge-base-en-v1.5,5.0,11.0,29.0,13.0,23.0,35.0,56.0,81.5
dev,description,hybrid,bge-base-en-v1.5,3.0,12.0,27.0,12.0,17.0,36.0,60.0,75.5
dev,description,dense,all-MiniLM-L6-v2,5.0,15.0,27.0,14.0,24.0,40.0,60.0,65.0
dev,description,hybrid,all-MiniLM-L6-v2,8.0,15.0,27.0,14.0,20.0,36.0,62.0,70.3
test,subject,bm25,-,6.8,20.0,32.0,12.8,27.5,37.8,59.0,3.0
test,subject,dense,bge-small-en-v1.5,6.5,20.0,38.5,19.8,32.5,45.5,67.8,27.3
test,subject,hybrid,bge-small-en-v1.5,10.2,21.2,41.0,22.2,32.8,49.8,70.5,15.4
test,subject,dense,bge-base-en-v1.5,9.5,23.0,41.5,23.5,36.0,49.5,71.5,26.4
test,subject,hybrid,bge-base-en-v1.5,13.5,24.5,41.8,24.2,34.8,49.2,71.8,15.9
test,subject,dense,all-MiniLM-L6-v2,4.5,18.0,35.2,18.0,28.2,43.8,64.2,23.1
test,subject,hybrid,all-MiniLM-L6-v2,9.0,23.2,38.8,19.5,34.5,48.0,69.8,12.6
test,description,bm25,-,6.0,21.0,31.5,17.2,26.0,37.2,64.8,54.2
test,description,dense,bge-small-en-v1.5,5.0,16.2,32.8,15.0,28.5,44.5,71.0,28.6
test,description,hybrid,bge-small-en-v1.5,8.5,21.0,39.2,20.5,31.8,48.8,76.0,85.6
test,description,dense,bge-base-en-v1.5,7.0,20.8,36.0,17.8,30.5,47.2,72.8,29.9
test,description,hybrid,bge-base-en-v1.5,10.5,23.2,40.8,22.0,33.0,47.8,74.5,81.5
test,description,dense,all-MiniLM-L6-v2,3.5,16.0,33.2,16.8,27.8,43.5,69.2,21.7
test,description,hybrid,all-MiniLM-L6-v2,6.8,23.8,40.5,20.2,32.5,47.8,75.8,73.7
